id;username;title;content;rating;review_date
1;Franc Team-oriented Nebraska;parallelism invoice;Chicken User Jersey;64866;2024-02-29
2;Niger Buckinghamshire;Bacon Dakota Kyrgyz;analyzer;37727;2024-02-29
3;Licensed;methodology Account;markets support holistic;67927;2024-02-29
4;Group;Avon Avon;hard deliver;47899;2024-02-29
5;Mexico;SMTP of;Metal granular;77038;2024-02-28
6;Extended Outdoors Global;Cambridgeshire incentivize Account;methodologies systemic;79388;2024-02-29
7;unleash;Architect incremental;Texas Mongolia;5293;2024-02-29
8;Ohio protocol moderator;Pound Investment;Branding;8527;2024-02-29
9;multi-byte monitor;multi-byte Borders;back Directives;83651;2024-02-29
10;Guarani;SDD Frozen;programming Buckinghamshire;77556;2024-02-29
